arm,bench,n,rule,thr_prob,r,tp,tp_std,fp,fp_std,fn,fn_std,tn,tn_std,balanced_accuracy,balanced_accuracy_std,precision,precision_std,recall,recall_std,specificity,specificity_std,f1,f1_std,auc,auc_std,ap,ap_std,false_alarms,false_alarms_std,infer_ms_per_clip,infer_ms_per_clip_std,infer_s,infer_s_std,params,params_std
arm0,b1,1,p=0.5,0.5,nan,225.0,nan,1790.0,nan,1.0,nan,2889.0,nan,0.8065074225450941,nan,0.11166253101736973,nan,0.995575221238938,nan,0.6174396238512503,nan,0.20080321285140562,nan,0.917336829781721,nan,0.36376368695068834,nan,1790.0,nan,0.11162636355401058,nan,0.5475273132324219,nan,1172897.0,nan
arm0,b2,5,p=0.5,0.5,nan,485.6,14.402777509911065,717.6,1401.7203144707578,12.4,14.402777509911065,40580.4,1401.7203144707578,0.9788621287416118,0.018315562050645707,0.7982766267471374,0.3377898290950395,0.9751004016064257,0.02892123997974111,0.9826238558767979,0.033941602849308854,0.8184676039967421,0.299797437085179,0.99728260711012,0.0009377034540180219,0.9792558947743505,0.026924562790110903,717.6,1401.7203144707578,0.11717098981572723,0.00251661875936279,4.897278690338135,0.1051845976663271,1172897.0,0.0
arm0,b3,1,p=0.5,0.5,nan,1767.0,nan,1137.0,nan,41.0,nan,45196.0,nan,0.9763916319796533,nan,0.6084710743801653,nan,0.9773230088495575,nan,0.975460255109749,nan,0.75,nan,0.9929971881124504,nan,0.9075976249185147,nan,1137.0,nan,0.11880019771867294,nan,5.719160318374634,nan,1172897.0,nan
arm0,b4,5,p=0.5,0.5,nan,144.6,33.368248380758615,93.8,63.00285707807227,32.4,33.368248380758615,31796.2,63.00285707807227,0.9070038958070912,0.09355676490312126,0.6635918384548534,0.15127393897068797,0.816949152542373,0.18852117729242157,0.9970586390718094,0.001975630513580167,0.694039114853338,0.0788945475735915,0.989186663902929,0.005801548022601605,0.8513939596589873,0.044811916785550056,93.8,63.00285707807227,0.11730221452646694,0.0008602013599326348,3.761530113220215,0.027584077008959807,1172897.0,0.0
arm0,b5,5,p=0.5,0.5,nan,37.0,1.2649110640673518,39.6,10.131140113531153,4.0,1.2649110640673518,19287.4,10.131140113531153,0.9501950386606882,0.015313025722394971,0.49344292694883923,0.07614036749625548,0.902439024390244,0.030851489367496376,0.9979510529311325,0.0005241962080783958,0.6341009358302341,0.05637388175495334,0.982222267092542,0.002870557441327928,0.7249755161743641,0.04158363500597326,39.6,10.131140113531153,0.11869019735258309,0.0003207654847468415,2.298791742324829,0.006212585908576851,1172897.0,0.0
arm0,avg,5,p=0.5,nan,nan,531.8399999999999,nan,755.6,nan,18.16,nan,27949.8,nan,0.9237920235468277,nan,0.535088999509673,nan,0.9334773617255078,nan,0.9141066853681478,nan,0.6194821735063438,nan,0.9758051111999524,nan,0.765397336495381,nan,755.6,nan,0.11671799259349216,nan,3.4448576354980474,nan,1172897.0,nan
arm0,b1,1,val-Youden,0.5016333998748503,nan,225.0,nan,1790.0,nan,1.0,nan,2889.0,nan,0.8065074225450941,nan,0.11166253101736973,nan,0.995575221238938,nan,0.6174396238512503,nan,0.20080321285140562,nan,0.917336829781721,nan,0.36376368695068834,nan,1790.0,nan,0.11162636355401058,nan,0.5475273132324219,nan,1172897.0,nan
arm0,b2,5,val-Youden,0.5152993316041414,nan,492.2,1.6,111.2,158.8866262465158,5.8,1.6,41186.8,158.8866262465158,0.9928303946572283,0.0015808781140740323,0.8591428493124773,0.16440862136382253,0.9883534136546185,0.0032128514056224827,0.9973073756598382,0.003847320118323298,0.9094002030098711,0.1077385566358711,0.99728260711012,0.0009377034540180219,0.9792558947743505,0.026924562790110903,111.2,158.8866262465158,0.11717098981572723,0.00251661875936279,4.897278690338135,0.1051845976663271,1172897.0,0.0
arm0,b3,1,val-Youden,0.38583771103086933,nan,1769.0,nan,1488.0,nan,39.0,nan,44845.0,nan,0.9731569322902749,nan,0.5431378569235493,nan,0.978429203539823,nan,0.9678846610407269,nan,0.6985192497532083,nan,0.9929971881124504,nan,0.9075976249185147,nan,1488.0,nan,0.11880019771867294,nan,5.719160318374634,nan,1172897.0,nan
arm0,b4,5,val-Youden,0.2139112062025572,nan,169.4,3.0066592756745814,670.2,343.6279383286522,7.6,3.006659275674582,31219.8,343.6279383286522,0.9680230772092628,0.004168232774264613,0.24302636819125842,0.10635979296858192,0.9570621468926553,0.01698677556878294,0.9789840075258702,0.010775413556872103,0.37515227398586104,0.12760251655416263,0.989186663902929,0.005801548022601605,0.8513939596589873,0.044811916785550056,670.2,343.6279383286522,0.11730221452646694,0.0008602013599326348,3.761530113220215,0.027584077008959807,1172897.0,0.0
arm0,b5,5,val-Youden,0.37369166281291333,nan,38.6,1.4966629547095764,61.4,27.789206537790893,2.4,1.4966629547095764,19265.6,27.789206537790893,0.9691432559278249,0.01785457334950277,0.4096737812939784,0.08485282808737914,0.9414634146341463,0.03650397450511161,0.9968230972215035,0.001437843769741316,0.5643012502682667,0.08464873242277138,0.982222267092542,0.002870557441327928,0.7249755161743641,0.04158363500597326,61.4,27.789206537790893,0.11869019735258309,0.0003207654847468415,2.298791742324829,0.006212585908576851,1172897.0,0.0
arm0,avg,5,val-Youden,nan,nan,538.8399999999999,nan,824.1599999999999,nan,11.16,nan,27881.24,nan,0.941932216525937,nan,0.4333286773477266,nan,0.9721766799920364,nan,0.9116877530598378,nan,0.5496352379737226,nan,0.9758051111999524,nan,0.765397336495381,nan,824.1599999999999,nan,0.11671799259349216,nan,3.4448576354980474,nan,1172897.0,nan
arm0,b1,1,val-cost r=N/P,0.5003893115729686,20.70353982300885,225.0,nan,1790.0,nan,1.0,nan,2889.0,nan,0.8065074225450941,nan,0.11166253101736973,nan,0.995575221238938,nan,0.6174396238512503,nan,0.20080321285140562,nan,0.917336829781721,nan,0.36376368695068834,nan,1790.0,nan,0.11162636355401058,nan,0.5475273132324219,nan,1172897.0,nan
arm0,b2,5,val-cost r=N/P,0.5199467569381627,82.92771084337349,492.2,1.6,110.4,160.19937577905853,5.8,1.6,41187.6,160.19937577905853,0.9928400803562937,0.001589815220649638,0.8609898383920604,0.16567942701697666,0.9883534136546185,0.0032128514056224827,0.9973267470579689,0.003879107360624222,0.9103139491703282,0.10857952772914853,0.99728260711012,0.0009377034540180219,0.9792558947743505,0.026924562790110903,110.4,160.19937577905853,0.11717098981572723,0.00251661875936279,4.897278690338135,0.1051845976663271,1172897.0,0.0
arm0,b3,1,val-cost r=N/P,0.3859626318823166,25.6266592920354,1769.0,nan,1486.0,nan,39.0,nan,44847.0,nan,0.9731785151793605,nan,0.5434715821812596,nan,0.978429203539823,nan,0.967927826818898,nan,0.6987951807228916,nan,0.9929971881124504,nan,0.9075976249185147,nan,1486.0,nan,0.11880019771867294,nan,5.719160318374634,nan,1172897.0,nan
arm0,b4,5,val-cost r=N/P,0.21398882020623528,180.16949152542372,169.4,3.0066592756745814,669.8,343.91591995718954,7.6,3.006659275674582,31220.2,343.91591995718954,0.9680293487677452,0.004163868427437541,0.24330107906089457,0.10672270239117965,0.9570621468926553,0.01698677556878294,0.9789965506428349,0.010784444024998098,0.37543179934472093,0.12792565200146852,0.989186663902929,0.005801548022601605,0.8513939596589873,0.044811916785550056,669.8,343.91591995718954,0.11730221452646694,0.0008602013599326348,3.761530113220215,0.027584077008959807,1172897.0,0.0
arm0,b5,5,val-cost r=N/P,0.3971405228729833,471.390243902439,38.4,1.624807680927192,53.8,20.740298937093456,2.6,1.624807680927192,19273.2,20.740298937093456,0.9669008476704521,0.019444683575193637,0.4348812343494304,0.07951844425968474,0.9365853658536585,0.03962945563237052,0.9972163294872459,0.001073125624105837,0.5880095407102607,0.07140542533596432,0.982222267092542,0.002870557441327928,0.7249755161743641,0.04158363500597326,53.8,20.740298937093456,0.11869019735258309,0.0003207654847468415,2.298791742324829,0.006212585908576851,1172897.0,0.0
arm0,avg,5,val-cost r=N/P,nan,nan,538.8,nan,822.0,nan,11.2,nan,27883.4,nan,0.941491242903789,nan,0.4388612530002029,nan,0.9712010702359386,nan,0.9117814155716397,nan,0.5546707365599214,nan,0.9758051111999524,nan,0.765397336495381,nan,822.0,nan,0.11671799259349216,nan,3.4448576354980474,nan,1172897.0,nan
arm0,b1,5,OOF-Youden,0.3031864853234441,nan,226.0,0.0,1802.0,5.513619500836088,0.0,0.0,2877.0,5.513619500836088,0.807437486642445,0.0005891878073131034,0.11144066555068492,0.0003028391245217883,1.0,0.0,0.6148749732848899,0.001178375614626223,0.20053358628868706,0.0004903309921781442,0.9297909885441825,0.024939219393565856,0.4346056425456233,0.06425797334146918,1802.0,5.513619500836088,0.10970035945725125,0.0011353863865626306,0.5380802631378174,0.005569070226089702,1172897.0,0.0
arm0,b4,5,OOF-Youden,0.24972414322671826,nan,170.8,2.5612496949731396,1839.6,1546.7763380657204,6.2,2.5612496949731396,30050.4,1546.7763380657204,0.9536429782461958,0.01775874401347651,0.18623714680268716,0.15216359192829393,0.9649717514124294,0.014470337259735275,0.9423142050799624,0.048503491315952316,0.28472914453236503,0.20168036217863394,0.9901647789984285,0.0018807415828534858,0.7666729240213147,0.10003352988923433,1839.6,1546.7763380657204,0.11954148595562915,0.0009731338514878908,3.83333683013916,0.03120548321566213,1172897.0,0.0
arm0,b5,5,OOF-Youden,0.2758413058605889,nan,39.8,0.4,77.2,11.634431657799189,1.2,0.4,19249.8,11.63443165779919,0.9833686476772667,0.004659973455261595,0.34352330106596274,0.03288095024082889,0.9707317073170731,0.009756097560975618,0.9960055880374605,0.0006019781475551674,0.5064128974473802,0.03465255606252252,0.9876825924051655,0.0040690958555837506,0.6853214648152471,0.05390482061318026,77.2,11.634431657799189,0.1191501354491696,0.00017911183030527362,2.3076998233795165,0.00346903792935249,1172897.0,0.0
arm0,avg,3,OOF-Youden,nan,nan,145.53333333333333,nan,1239.6,nan,2.466666666666667,nan,17392.399999999998,nan,0.9148163708553024,nan,0.2137337044731116,nan,0.9785678195765009,nan,0.8510649221341042,nan,0.3305585427561441,nan,0.9692127866492589,nan,0.6288666771273951,nan,1239.6,nan,0.11613066028734999,nan,2.2263723055521645,nan,1172897.0,nan
arm0,b1,5,OOF-cost r=N/P,0.38016459480362663,20.70353982300885,225.8,0.4,1795.8,3.3105890714493698,0.2,0.4000000000000001,2883.2,3.3105890714493698,0.807657543495982,0.0009124950404352098,0.11169394224646256,0.00023803543721840966,0.9991150442477876,0.0017699115044247816,0.6162000427441762,0.0007075420114232444,0.2009257598433989,0.0004091992654411642,0.9297909885441825,0.024939219393565856,0.4346056425456233,0.06425797334146918,1795.8,3.3105890714493698,0.10970035945725125,0.0011353863865626306,0.5380802631378174,0.005569070226089702,1172897.0,0.0
arm0,b4,5,OOF-cost r=N/P,0.13318408368278856,180.16949152542372,173.0,1.8973665961010275,3373.8,2583.8084603933007,4.0,1.8973665961010275,28516.2,2583.8084603933007,0.9358031049529367,0.035509293440704144,0.09851927727611301,0.07924632381614076,0.9774011299435028,0.010719585288706354,0.8942050799623706,0.08102252933186894,0.16951741507177992,0.12450503867168015,0.9901647789984285,0.0018807415828534858,0.7666729240213147,0.10003352988923433,3373.8,2583.8084603933007,0.11954148595562915,0.0009731338514878908,3.83333683013916,0.03120548321566213,1172897.0,0.0
arm0,b5,5,OOF-cost r=N/P,0.27851331720672196,471.390243902439,39.8,0.4,76.2,10.998181667894016,1.2,0.4,19250.8,10.998181667894016,0.9833945182210657,0.004672463234081819,0.3461756091677352,0.031550846625139864,0.9707317073170731,0.009756097560975618,0.9960573291250583,0.0005690578810934819,0.5093842449260405,0.03308471439319035,0.9876825924051655,0.0040690958555837506,0.6853214648152471,0.05390482061318026,76.2,10.998181667894016,0.1191501354491696,0.00017911183030527362,2.3076998233795165,0.00346903792935249,1172897.0,0.0
arm0,avg,3,OOF-cost r=N/P,nan,nan,146.20000000000002,nan,1748.6000000000001,nan,1.8,nan,16883.399999999998,nan,0.9089517222233282,nan,0.18546294289677026,nan,0.9824159605027879,nan,0.8354874839438683,nan,0.29327580661373975,nan,0.9692127866492589,nan,0.6288666771273951,nan,1748.6000000000001,nan,0.11613066028734999,nan,2.2263723055521645,nan,1172897.0,nan
ls0.1,b1,1,p=0.5,0.5,nan,226.0,nan,1802.0,nan,0.0,nan,2877.0,nan,0.807437486642445,nan,0.11143984220907298,nan,1.0,nan,0.6148749732848899,nan,0.2005323868677906,nan,0.9133087585842978,nan,0.3460603566046989,nan,1802.0,nan,0.11038605226289241,nan,0.5414435863494873,nan,1172897.0,nan
ls0.1,b2,5,p=0.5,0.5,nan,498.0,0.0,41298.0,0.0,0.0,0.0,0.0,0.0,0.5,0.0,0.011915015790984784,0.0,1.0,0.0,0.0,0.0,0.02354943963682792,0.0,0.9981839362875494,0.0009465302280782507,0.9936445809309828,0.0017614859415788177,41298.0,0.0,0.11853322604932628,0.00031657956959178367,4.954214715957642,0.013231759690658209,1172897.0,0.0
ls0.1,b3,1,p=0.5,0.5,nan,1776.0,nan,2934.0,nan,32.0,nan,43399.0,nan,0.9594883441893992,nan,0.37707006369426754,nan,0.9823008849557522,nan,0.9366758034230462,nan,0.5449524393985885,nan,0.9890948215104624,nan,0.885709812741617,nan,2934.0,nan,0.11847131666962124,nan,5.703327655792236,nan,1172897.0,nan
ls0.1,b4,5,p=0.5,0.5,nan,177.0,0.0,31890.0,0.0,0.0,0.0,0.0,0.0,0.5,0.0,0.0055196931424829265,0.0,1.0,0.0,0.0,0.0,0.010978786751023446,0.0,0.9927230610874599,0.006544889230238391,0.8589182757744991,0.046291064012997256,31890.0,0.0,0.1177539317479328,0.0008041739949239372,3.7760153293609617,0.025787447495225775,1172897.0,0.0
ls0.1,b5,5,p=0.5,0.5,nan,41.0,0.0,19327.0,0.0,0.0,0.0,0.0,0.0,0.5,0.0,0.002116893845518381,0.0,1.0,0.0,0.0,0.0,0.004224844144469061,0.0,0.9854264285903582,0.004510269440490869,0.5821107836558342,0.031226552082823857,19327.0,0.0,0.11866184513906661,0.0002814652390011366,2.298242616653442,0.005451418748974029,1172897.0,0.0
ls0.1,avg,5,p=0.5,nan,nan,543.6,nan,19450.2,nan,6.4,nan,9255.2,nan,0.6533851661663689,nan,0.10161230173646532,nan,0.9964601769911503,nan,0.31031015534158723,nan,0.15684757935973992,nan,0.9757474012120255,nan,0.7332887619415265,nan,19450.2,nan,0.11676127437376786,nan,3.4546487808227537,nan,1172897.0,nan
ls0.1,b1,1,val-Youden,0.7747900665215319,nan,224.0,nan,1790.0,nan,2.0,nan,2889.0,nan,0.8042950331645632,nan,0.1112214498510427,nan,0.9911504424778761,nan,0.6174396238512503,nan,0.2,nan,0.9133087585842978,nan,0.3460603566046989,nan,1790.0,nan,0.11038605226289241,nan,0.5414435863494873,nan,1172897.0,nan
ls0.1,b2,5,val-Youden,0.8871718607202166,nan,492.6,1.8547236990991407,80.4,111.4317728477834,5.4,1.8547236990991407,41217.6,111.43177284778342,0.9936049004969464,0.00118071050542444,0.8870002511919122,0.1392417364247548,0.9891566265060241,0.0037243447773075075,0.9980531744878686,0.0026982365452996116,0.9287460467852995,0.08412097683566445,0.9981839362875494,0.0009465302280782507,0.9936445809309828,0.0017614859415788177,80.4,111.4317728477834,0.11853322604932628,0.00031657956959178367,4.954214715957642,0.013231759690658209,1172897.0,0.0
ls0.1,b3,1,val-Youden,0.7205151380049961,nan,1769.0,nan,1454.0,nan,39.0,nan,44879.0,nan,0.973523841404729,nan,0.5488675147378219,nan,0.978429203539823,nan,0.9686184792696351,nan,0.7032399125422382,nan,0.9890948215104624,nan,0.885709812741617,nan,1454.0,nan,0.11847131666962124,nan,5.703327655792236,nan,1172897.0,nan
ls0.1,b4,5,val-Youden,0.8731858016404399,nan,167.0,3.8987177379235853,414.2,170.63458031712096,10.0,3.8987177379235853,31475.8,170.63458031712094,0.9652572136209747,0.00836054241150002,0.3299106987392828,0.14522916725580765,0.9435028248587571,0.022026653886573936,0.9870116023831923,0.005350723747793086,0.4710099477949627,0.1343676736693668,0.9927230610874599,0.006544889230238391,0.8589182757744991,0.046291064012997256,414.2,170.63458031712096,0.1177539317479328,0.0008041739949239372,3.7760153293609617,0.025787447495225775,1172897.0,0.0
ls0.1,b5,5,val-Youden,0.9594814171496777,nan,38.4,1.3564659966250536,106.6,15.33101431738944,2.6,1.3564659966250536,19220.4,15.33101431738944,0.965534882957874,0.016356017195022835,0.26744662229852423,0.024846257684839407,0.9365853658536585,0.033084536503050065,0.9944844000620894,0.0007932433547570415,0.41523723389669953,0.029592888264412955,0.9854264285903582,0.004510269440490869,0.5821107836558342,0.031226552082823857,106.6,15.33101431738944,0.11866184513906661,0.0002814652390011366,2.298242616653442,0.005451418748974029,1172897.0,0.0
ls0.1,avg,5,val-Youden,nan,nan,538.2,nan,769.04,nan,11.8,nan,27936.360000000004,nan,0.9404431743290175,nan,0.4288893073637167,nan,0.9677648926472278,nan,0.913121456010807,nan,0.54364662820384,nan,0.9757474012120255,nan,0.7332887619415265,nan,769.04,nan,0.11676127437376786,nan,3.4546487808227537,nan,1172897.0,nan
ls0.1,b1,1,val-cost r=N/P,0.5870332658980157,20.70353982300885,226.0,nan,1792.0,nan,0.0,nan,2887.0,nan,0.8085060910450952,nan,0.11199207135777998,nan,1.0,nan,0.6170121820901903,nan,0.2014260249554367,nan,0.9133087585842978,nan,0.3460603566046989,nan,1792.0,nan,0.11038605226289241,nan,0.5414435863494873,nan,1172897.0,nan
ls0.1,b2,5,val-cost r=N/P,0.8217693296147701,82.92771084337349,493.6,1.2,460.4,762.2620546767364,4.4,1.2,40837.6,762.2620546767365,0.9900082095051715,0.008449245502490767,0.7506992540249986,0.30650579506631226,0.9911646586345382,0.0024096385542168976,0.9888517603758051,0.01845760217629757,0.809890584855767,0.25191473030255657,0.9981839362875494,0.0009465302280782507,0.9936445809309828,0.0017614859415788177,460.4,762.2620546767364,0.11853322604932628,0.00031657956959178367,4.954214715957642,0.013231759690658209,1172897.0,0.0
ls0.1,b3,1,val-cost r=N/P,0.651629790438854,25.6266592920354,1769.0,nan,1771.0,nan,39.0,nan,44562.0,nan,0.970102953484672,nan,0.49971751412429377,nan,0.978429203539823,nan,0.961776703429521,nan,0.6615557217651459,nan,0.9890948215104624,nan,0.885709812741617,nan,1771.0,nan,0.11847131666962124,nan,5.703327655792236,nan,1172897.0,nan
ls0.1,b4,5,val-cost r=N/P,0.8730385827775983,180.16949152542372,167.0,3.8987177379235853,415.2,170.95075314253518,10.0,3.8987177379235853,31474.8,170.95075314253518,0.9652415347247689,0.008353651218491851,0.3291836618634631,0.1444717148089323,0.9435028248587571,0.022026653886573936,0.9869802445907808,0.00536063822961852,0.4703444194896508,0.13395136997191598,0.9927230610874599,0.006544889230238391,0.8589182757744991,0.046291064012997256,415.2,170.95075314253518,0.1177539317479328,0.0008041739949239372,3.7760153293609617,0.025787447495225775,1172897.0,0.0
ls0.1,b5,5,val-cost r=N/P,0.9481553329509849,471.390243902439,38.8,1.16619037896906,131.0,28.064212085857676,2.2,1.16619037896906,19196.0,28.064212085857676,0.9697816904696701,0.013670653549939713,0.23426035584981783,0.03423683979006453,0.9463414634146341,0.02844366777973315,0.9932219175247063,0.0014520728558937068,0.37385420422340293,0.04245737059614504,0.9854264285903582,0.004510269440490869,0.5821107836558342,0.031226552082823857,131.0,28.064212085857676,0.11866184513906661,0.0002814652390011366,2.298242616653442,0.005451418748974029,1172897.0,0.0
ls0.1,avg,5,val-cost r=N/P,nan,nan,538.88,nan,913.9200000000001,nan,11.120000000000001,nan,27791.480000000003,nan,0.9407280958458756,nan,0.38517057144407063,nan,0.9718876300895504,nan,0.9095685616022008,nan,0.5034141910578807,nan,0.9757474012120255,nan,0.7332887619415265,nan,913.9200000000001,nan,0.11676127437376786,nan,3.4546487808227537,nan,1172897.0,nan
ls0.1,b1,5,OOF-Youden,0.6034245464037372,nan,225.6,0.8,1793.8,3.867815921162743,0.4,0.8000000000000002,2885.2,3.8678159211627436,0.8074287865004057,0.0016654859379447837,0.11171640809333408,0.00033986538153040407,0.9982300884955752,0.003539823008849563,0.6166274845052362,0.0008266330243989483,0.20094416476490434,0.0006093140077217011,0.9143532484628173,0.007613177656018325,0.36705060244035886,0.06885141238633058,1793.8,3.867815921162743,0.11900744306931803,0.0010096069454452348,0.5837315082550049,0.004952122067408871,1172897.0,0.0
ls0.1,b4,5,OOF-Youden,0.8590836660221935,nan,169.6,1.8547236990991407,1228.8,1040.1289150869713,7.4,1.8547236990991407,30661.2,1040.1289150869713,0.9598298175401672,0.012553805960501431,0.21341588042062884,0.1311732758380988,0.9581920903954801,0.010478664966661826,0.9614675446848542,0.03261614660040676,0.3286896835177712,0.17770751147121525,0.9918180433091861,0.00432760664143058,0.8027524386507381,0.10759704283967837,1228.8,1040.1289150869713,0.11911911770660052,0.0002181346610965853,3.8197927474975586,0.006994924177384074,1172897.0,0.0
ls0.1,b5,5,OOF-Youden,0.9358827399801346,nan,39.6,0.4898979485566356,164.8,37.25265091238475,1.4,0.4898979485566356,19162.2,37.252650912384745,0.9786633636502454,0.005712617366947406,0.20013592092800012,0.03542689935614565,0.9658536585365853,0.01194873045260088,0.9914730687639055,0.001927492674102806,0.33001641719148067,0.048218296264990565,0.9830116341728431,0.004878394249925542,0.5797938403127821,0.12216901515317649,164.8,37.25265091238475,0.1189263902976955,0.00034086394540241874,2.3033663272857665,0.006601852894553965,1172897.0,0.0
ls0.1,avg,3,OOF-Youden,nan,nan,144.93333333333334,nan,1062.4666666666667,nan,3.066666666666667,nan,17569.533333333336,nan,0.915307322563606,nan,0.17508940314732102,nan,0.9740919458092135,nan,0.8565226993179986,nan,0.2865500884913854,nan,0.9630609753149488,nan,0.5831989604679597,nan,1062.4666666666667,nan,0.11901765035787133,nan,2.23563019434611,nan,1172897.0,nan
ls0.1,b1,5,OOF-cost r=N/P,0.5673593992539068,20.70353982300885,225.8,0.4,1795.0,4.604345773288535,0.2,0.4000000000000001,2884.0,4.604345773288535,0.807743031848194,0.0008043417784082617,0.11173831802687424,0.00023838127801354954,0.9991150442477876,0.0017699115044247816,0.6163710194486002,0.0009840448329319353,0.20099750639422273,0.00039707560398360335,0.9143532484628173,0.007613177656018325,0.36705060244035886,0.06885141238633058,1795.0,4.604345773288535,0.11900744306931803,0.0010096069454452348,0.5837315082550049,0.004952122067408871,1172897.0,0.0
ls0.1,b4,5,OOF-cost r=N/P,0.7740625037244684,180.16949152542372,173.8,1.6,3208.0,1892.3475367912736,3.2,1.6,28682.0,1892.3475367912736,0.9406625529494926,0.03095773374897142,0.07542864407194598,0.048507220362038264,0.9819209039548022,0.009039548022598867,0.8994042019441831,0.05933984122895181,0.13641201623598315,0.08074335626337874,0.9918180433091861,0.00432760664143058,0.8027524386507381,0.10759704283967837,3208.0,1892.3475367912736,0.11911911770660052,0.0002181346610965853,3.8197927474975586,0.006994924177384074,1172897.0,0.0
ls0.1,b5,5,OOF-cost r=N/P,0.9358711838187259,471.390243902439,39.6,0.4898979485566356,164.8,37.25265091238475,1.4,0.4898979485566356,19162.2,37.252650912384745,0.9786633636502454,0.005712617366947406,0.20013592092800012,0.03542689935614565,0.9658536585365853,0.01194873045260088,0.9914730687639055,0.001927492674102806,0.33001641719148067,0.048218296264990565,0.9830116341728431,0.004878394249925542,0.5797938403127821,0.12216901515317649,164.8,37.25265091238475,0.1189263902976955,0.00034086394540241874,2.3033663272857665,0.006601852894553965,1172897.0,0.0
ls0.1,avg,3,OOF-cost r=N/P,nan,nan,146.4,nan,1722.6000000000001,nan,1.6000000000000003,nan,16909.399999999998,nan,0.9090229828159774,nan,0.1291009610089401,nan,0.982296535579725,nan,0.8357494300522296,nan,0.2224753132738955,nan,0.9630609753149488,nan,0.5831989604679597,nan,1722.6000000000001,nan,0.11901765035787133,nan,2.23563019434611,nan,1172897.0,nan
ref64,b1,1,p=0.5,0.5,nan,225.0,nan,1107.0,nan,1.0,nan,3572.0,nan,0.8794931032460986,nan,0.16891891891891891,nan,0.995575221238938,nan,0.7634109852532592,nan,0.2888318356867779,nan,0.9822346882228447,nan,0.7791463197451816,nan,1107.0,nan,0.03543386157985613,nan,0.17380309104919434,nan,7809.0,nan
ref64,b2,1,p=0.5,0.5,nan,424.0,nan,184.0,nan,74.0,nan,41114.0,nan,0.923475100459954,nan,0.6973684210526315,nan,0.8514056224899599,nan,0.9955445784299481,nan,0.7667269439421338,nan,0.9957200587910264,nan,0.8341015523052974,nan,184.0,nan,0.035644564426439276,nan,1.489800214767456,nan,7809.0,nan
ref64,b3,1,p=0.5,0.5,nan,1764.0,nan,2244.0,nan,44.0,nan,44089.0,nan,0.9636158568531117,nan,0.44011976047904194,nan,0.9756637168141593,nan,0.951567996892064,nan,0.6066024759284732,nan,0.9887161898312504,nan,0.784827573715658,nan,2244.0,nan,0.03591062411424791,nan,1.7287733554840088,nan,7809.0,nan
ref64,b4,1,p=0.5,0.5,nan,163.0,nan,779.0,nan,14.0,nan,31111.0,nan,0.9482381172568841,nan,0.173036093418259,nan,0.9209039548022598,nan,0.9755722797115083,nan,0.291331546023235,nan,0.9894504945495906,nan,0.6412939449805962,nan,779.0,nan,0.03710720088308147,nan,1.1899166107177734,nan,7809.0,nan
ref64,b5,1,p=0.5,0.5,nan,21.0,nan,4.0,nan,20.0,nan,19323.0,nan,0.7559940788004145,nan,0.84,nan,0.5121951219512195,nan,0.9997930356496093,nan,0.6363636363636364,nan,0.9892769750898213,nan,0.7464584487137692,nan,4.0,nan,0.03932937764274537,nan,0.7617313861846924,nan,7809.0,nan
ref64,avg,5,p=0.5,nan,nan,519.4,nan,863.6,nan,30.6,nan,27841.8,nan,0.8941632513232924,nan,0.4638886387737703,nan,0.8511487274593073,nan,0.9371777751872777,nan,0.5179712875888512,nan,0.9890796812969068,nan,0.7571655678921004,nan,863.6,nan,0.036685125729274036,nan,1.068804931640625,nan,7809.0,nan
ref64,b1,1,val-Youden,0.50202141718449,nan,225.0,nan,976.0,nan,1.0,nan,3703.0,nan,0.8934918209208155,nan,0.18734388009991673,nan,0.995575221238938,nan,0.7914084206026929,nan,0.3153468815697267,nan,0.9822346882228447,nan,0.7791463197451816,nan,976.0,nan,0.03543386157985613,nan,0.17380309104919434,nan,7809.0,nan
ref64,b2,1,val-Youden,0.1715460802761442,nan,479.0,nan,553.0,nan,19.0,nan,40745.0,nan,0.9742284553002071,nan,0.4641472868217054,nan,0.9618473895582329,nan,0.9866095210421812,nan,0.6261437908496732,nan,0.9957200587910264,nan,0.8341015523052974,nan,553.0,nan,0.035644564426439276,nan,1.489800214767456,nan,7809.0,nan
ref64,b3,1,val-Youden,0.0915937568360382,nan,1782.0,nan,3821.0,nan,26.0,nan,42512.0,nan,0.9515756249153635,nan,0.3180439050508656,nan,0.9856194690265486,nan,0.9175317808041784,nan,0.4809067602212927,nan,0.9887161898312504,nan,0.784827573715658,nan,3821.0,nan,0.03591062411424791,nan,1.7287733554840088,nan,7809.0,nan
ref64,b4,1,val-Youden,0.5554073954115529,nan,160.0,nan,660.0,nan,17.0,nan,31230.0,nan,0.9416293296341768,nan,0.1951219512195122,nan,0.903954802259887,nan,0.9793038570084666,nan,0.320962888665998,nan,0.9894504945495906,nan,0.6412939449805962,nan,660.0,nan,0.03710720088308147,nan,1.1899166107177734,nan,7809.0,nan
ref64,b5,1,val-Youden,0.26370185241751387,nan,31.0,nan,27.0,nan,10.0,nan,19300.0,nan,0.8773502758052365,nan,0.5344827586206896,nan,0.7560975609756098,nan,0.9986029906348631,nan,0.6262626262626263,nan,0.9892769750898213,nan,0.7464584487137692,nan,27.0,nan,0.03932937764274537,nan,0.7617313861846924,nan,7809.0,nan
ref64,avg,5,val-Youden,nan,nan,535.4,nan,1207.4,nan,14.6,nan,27498.0,nan,0.9276551013151598,nan,0.3398279563625379,nan,0.9206188886118433,nan,0.9346913140184766,nan,0.4739245895138634,nan,0.9890796812969068,nan,0.7571655678921004,nan,1207.4,nan,0.036685125729274036,nan,1.068804931640625,nan,7809.0,nan
ref64,b1,1,val-cost r=N/P,0.5020211914503416,20.70353982300885,225.0,nan,976.0,nan,1.0,nan,3703.0,nan,0.8934918209208155,nan,0.18734388009991673,nan,0.995575221238938,nan,0.7914084206026929,nan,0.3153468815697267,nan,0.9822346882228447,nan,0.7791463197451816,nan,976.0,nan,0.03543386157985613,nan,0.17380309104919434,nan,7809.0,nan
ref64,b2,1,val-cost r=N/P,0.17325928433594634,82.92771084337349,478.0,nan,550.0,nan,20.0,nan,40748.0,nan,0.973260760607445,nan,0.4649805447470817,nan,0.9598393574297188,nan,0.9866821637851712,nan,0.6264744429882044,nan,0.9957200587910264,nan,0.8341015523052974,nan,550.0,nan,0.035644564426439276,nan,1.489800214767456,nan,7809.0,nan
ref64,b3,1,val-cost r=N/P,0.09212871180614818,25.6266592920354,1782.0,nan,3811.0,nan,26.0,nan,42522.0,nan,0.9516835393607912,nan,0.3186125514035401,nan,0.9856194690265486,nan,0.9177476096950338,nan,0.48155654641264695,nan,0.9887161898312504,nan,0.784827573715658,nan,3811.0,nan,0.03591062411424791,nan,1.7287733554840088,nan,7809.0,nan
ref64,b4,1,val-cost r=N/P,0.5554016371867319,180.16949152542372,160.0,nan,660.0,nan,17.0,nan,31230.0,nan,0.9416293296341768,nan,0.1951219512195122,nan,0.903954802259887,nan,0.9793038570084666,nan,0.320962888665998,nan,0.9894504945495906,nan,0.6412939449805962,nan,660.0,nan,0.03710720088308147,nan,1.1899166107177734,nan,7809.0,nan
ref64,b5,1,val-cost r=N/P,0.2674136333665923,471.390243902439,31.0,nan,26.0,nan,10.0,nan,19301.0,nan,0.8773761463490353,nan,0.543859649122807,nan,0.7560975609756098,nan,0.9986547317224608,nan,0.6326530612244898,nan,0.9892769750898213,nan,0.7464584487137692,nan,26.0,nan,0.03932937764274537,nan,0.7617313861846924,nan,7809.0,nan
ref64,avg,5,val-cost r=N/P,nan,nan,535.2,nan,1204.6,nan,14.8,nan,27500.8,nan,0.9274883193744528,nan,0.3419837153185716,nan,0.9202172821861405,nan,0.9347593565627651,nan,0.47539876417221316,nan,0.9890796812969068,nan,0.7571655678921004,nan,1204.6,nan,0.036685125729274036,nan,1.068804931640625,nan,7809.0,nan
